{
"parametre": 20,
"commande": "forward",
"commande": "backward",
"commande": "right",
"commande": "left",
"commande": "armUp",
"commande": "armDown",
"commande": "magnetOn",
"commande": "magnetOff",
"commande": "cameraLeft",
"commande": "cameraRight",
"commande": "cameraFront",
"commande": "cameraTreasure",
"commande": "allignementStation",
"commande": "termine",
"commande": "tension",
"commande": "robotPret",
"commande": "rotateClock",
"commande": "rotateAntiClock",
"commande": "man: ?",
"commande": "cible: ??????"
}