{
"parametre": 20,
"commande": "forward",
"commande": "backward",
"commande": "right",
"commande": "left",
"commande": "armUp",
"commande": "armDown",
"commande": "magnetOn",
"commande": "magnetOff",
"commande": "cameraLeft",
"commande": "cameraRight",
"commande": "cameraFront",
"commande": "cameraTreasure",
"commande": "termine",
"commande": "robotPret",
"commande": "rotateClock",
"commande": "rotateAntiClock",
"commande": "alignement_ile",
"commande": "alignement_tresor",
"commande": "alignement_station"
}